Gr2/selz	tr|Q2FXX5|Q2FXX5_STAA8	27.619	79	210	2.57e-17	75.1
Gr2/selz	sp|Q2G2X7|SSL10_STAA8	30.579	46	121	3.48e-05	40.0
Gr2/selz	sp|Q2G0X7|SSL3_STAA8	33.333	32	87	3.12e-04	37.7
Gr2/selz	sp|Q2G1S8|SSL4_STAA8	43.902	15	41	6.74e-04	36.6
Gr2/selz	tr|Q2G1S5|Q2G1S5_STAA8	26.214	39	103	0.001	35.8
Gr2/selz	sp|Q2G0X4|SSL11_STAA8	29.412	32	85	0.003	34.3
Gr2/selz	sp|Q2G2Y0|SSL7_STAA8	36.000	28	75	0.005	33.5
Gr2/selz	tr|Q2G2X9|Q2G2X9_STAA8	30.769	25	65	0.008	33.1
Gr2/selz	tr|Q2G2X8|Q2G2X8_STAA8	48.780	14	41	0.010	32.7
Gr2/selz	tr|Q2FZB1|Q2FZB1_STAA8	30.233	33	86	0.036	31.2
Gr2/selz	tr|Q2FZB2|Q2FZB2_STAA8	34.375	24	64	0.042	30.8
Gr2/selz	tr|Q2G0X8|Q2G0X8_STAA8	43.333	12	30	0.055	30.4
Gr2/selz	sp|Q2G0X9|SSL1_STAA8	41.379	11	29	0.15	29.3
Gr2/selz	tr|Q2FUV8|Q2FUV8_STAA8	29.577	27	71	0.17	27.7
Gr2/selz	sp|Q2G1S6|SSL5_STAA8	45.833	9	24	0.33	28.1
Gr2/selz	sp|Q2G107|SELX_STAA8	28.750	30	80	1.3	26.2
Gr2/selz	tr|Q2FZ59|Q2FZ59_STAA8	34.615	10	26	4.2	24.3
Gr2/selz	tr|Q2FV35|Q2FV35_STAA8	37.838	14	37	5.0	24.6
Gr2/selz	sp|Q2FXP7|SYT_STAA8	37.500	11	32	5.0	24.6
Gr2/selz	sp|Q2G0N0|EFTU_STAA8	44.000	10	25	6.0	24.3
Gr2/selz	tr|Q2FVZ8|Q2FVZ8_STAA8	38.462	15	39	7.0	23.9
Gr2/selz	sp|Q53705|LYTS_STAA8	24.675	25	77	9.2	23.9
Gr1/sel26	tr|Q2FXX5|Q2FXX5_STAA8	96.154	94	234	6.65e-168	459
Gr1/sel26	sp|Q2G1S6|SSL5_STAA8	32.432	28	74	0.006	33.5
Gr1/sel26	sp|Q2G0X9|SSL1_STAA8	29.348	37	92	0.019	31.6
Gr1/sel26	tr|Q2G2X9|Q2G2X9_STAA8	38.000	20	50	0.070	30.0
Gr1/sel26	tr|Q2G1S5|Q2G1S5_STAA8	25.352	28	71	0.076	30.0
Gr1/sel26	tr|Q2G2X8|Q2G2X8_STAA8	36.000	20	50	0.14	29.3
Gr1/sel26	sp|Q2G2X7|SSL10_STAA8	50.000	10	26	0.41	27.7
Gr1/sel26	tr|Q2G0M8|Q2G0M8_STAA8	27.586	23	58	0.99	26.6
Gr1/sel26	sp|Q2G1S8|SSL4_STAA8	26.667	30	75	2.1	25.8
Gr1/sel26	sp|Q2G0X4|SSL11_STAA8	26.087	26	69	2.9	25.0
Gr1/sel26	sp|Q2G2Y0|SSL7_STAA8	25.641	31	78	2.9	25.0
Gr1/sel26	tr|Q2FZB1|Q2FZB1_STAA8	34.884	17	43	3.6	24.6
Gr1/sel26	tr|Q2G010|Q2G010_STAA8	40.741	11	27	4.5	24.6
Gr1/sel26	tr|Q2FZI9|Q2FZI9_STAA8	25.333	28	75	4.9	24.6
Gr1/sel26	tr|Q2FYE0|Q2FYE0_STAA8	31.250	17	48	5.5	24.3
Gr1/sel26	tr|Q2FWL1|Q2FWL1_STAA8	31.707	16	41	6.0	23.9
Gr1/sel26	tr|Q2FWU0|Q2FWU0_STAA8	31.481	20	54	7.1	23.9
Gr1/sel26	sp|Q2G0P8|CTSR_STAA8	28.571	14	35	7.6	23.5
Gr1/sel26	tr|Q2FYU2|Q2FYU2_STAA8	37.838	15	37	7.7	23.9
Gr1/sel26	tr|Q2G0I3|Q2G0I3_STAA8	38.095	8	21	8.5	23.1
Gr1/sel26	sp|P60393|RSMH_STAA8	27.083	19	48	9.1	23.5
Gr1/sel26	sp|Q2FXZ4|PRMA_STAA8	35.135	14	37	9.3	23.5
Gr3/sel27	tr|Q2FXX5|Q2FXX5_STAA8	27.053	80	207	2.73e-14	66.6
Gr3/sel27	sp|Q2G2Y0|SSL7_STAA8	30.263	30	76	1.45e-05	41.2
Gr3/sel27	tr|Q2FZB1|Q2FZB1_STAA8	41.860	17	43	0.003	34.3
Gr3/sel27	sp|Q2G0X4|SSL11_STAA8	29.365	48	126	0.005	33.5
Gr3/sel27	tr|Q2G2X8|Q2G2X8_STAA8	26.623	59	154	0.007	33.1
Gr3/sel27	tr|Q2FZB2|Q2FZB2_STAA8	23.729	71	177	0.010	32.7
Gr3/sel27	tr|Q2G2X9|Q2G2X9_STAA8	40.000	12	30	0.081	29.6
Gr3/sel27	tr|Q2G1S5|Q2G1S5_STAA8	30.435	18	46	0.30	28.1
Gr3/sel27	sp|Q2G0X9|SSL1_STAA8	35.294	20	51	0.31	28.1
Gr3/sel27	sp|Q2G2X7|SSL10_STAA8	52.000	10	25	0.34	28.1
Gr3/sel27	sp|Q2G1S8|SSL4_STAA8	37.500	15	40	0.54	27.3
Gr3/sel27	sp|Q2G1S6|SSL5_STAA8	28.395	30	81	0.60	27.3
Gr3/sel27	tr|Q2FVZ8|Q2FVZ8_STAA8	37.931	10	29	0.67	27.3
Gr3/sel27	sp|Q2G1E1|HPTR_STAA8	27.907	17	43	1.1	26.6
Gr3/sel27	sp|Q2G0P8|CTSR_STAA8	29.870	28	77	1.3	25.8
Gr3/sel27	sp|Q2G0X7|SSL3_STAA8	45.833	10	24	1.4	26.2
Gr3/sel27	sp|Q2G107|SELX_STAA8	37.209	17	43	1.6	25.8
Gr3/sel27	tr|Q2FZB3|Q2FZB3_STAA8	44.000	10	25	3.3	25.0
Gr3/sel27	tr|Q2G2J5|Q2G2J5_STAA8	52.941	7	17	6.8	23.9
Gr3/sel27	tr|Q2G0X8|Q2G0X8_STAA8	33.333	12	30	8.9	23.5
Gr4/sel28	tr|Q2FXX5|Q2FXX5_STAA8	37.952	70	166	2.22e-22	88.2
Gr4/sel28	sp|Q2G0X7|SSL3_STAA8	24.390	53	123	0.001	35.8
Gr4/sel28	sp|Q2G1S8|SSL4_STAA8	27.778	46	108	0.001	35.0
Gr4/sel28	sp|Q2G0X4|SSL11_STAA8	26.667	60	150	0.003	33.9
Gr4/sel28	sp|Q2G0X9|SSL1_STAA8	24.590	53	122	0.003	33.9
Gr4/sel28	tr|Q2G0X8|Q2G0X8_STAA8	30.380	33	79	0.007	32.7
Gr4/sel28	tr|Q2G1S5|Q2G1S5_STAA8	23.423	48	111	0.007	32.7
Gr4/sel28	sp|Q2G2Y0|SSL7_STAA8	31.250	27	64	0.008	32.7
Gr4/sel28	sp|Q2G1S6|SSL5_STAA8	26.923	39	104	0.008	32.7
Gr4/sel28	tr|Q2G2X8|Q2G2X8_STAA8	25.000	41	96	0.040	30.4
Gr4/sel28	sp|Q2G2X7|SSL10_STAA8	26.506	35	83	0.100	29.3
Gr4/sel28	sp|Q2FWD6|ALDH_STAA8	39.394	15	33	0.17	28.9
Gr4/sel28	tr|Q2G2X9|Q2G2X9_STAA8	36.364	15	33	0.43	27.3
Gr4/sel28	tr|Q2FZB3|Q2FZB3_STAA8	28.182	44	110	0.81	26.6
Gr4/sel28	sp|P52078|Y997_STAA8	23.636	23	55	1.2	26.2
Gr4/sel28	tr|Q2FZB2|Q2FZB2_STAA8	25.234	44	107	1.4	25.8
Gr4/sel28	sp|Q2G2G2|SAER_STAA8	40.541	16	37	1.4	25.8
Gr4/sel28	tr|Q2FVV8|Q2FVV8_STAA8	26.471	24	68	2.2	25.4
Gr4/sel28	tr|Q2FYB7|Q2FYB7_STAA8	25.000	55	132	4.8	24.6
Gr5/sel29p	tr|Q2FXX5|Q2FXX5_STAA8	31.532	85	222	1.69e-17	74.7
Gr5/sel29p	tr|Q2G0X8|Q2G0X8_STAA8	50.000	14	32	3.79e-04	36.6
Gr5/sel29p	tr|Q2FZB3|Q2FZB3_STAA8	30.526	38	95	0.002	34.7
Gr5/sel29p	sp|Q2G2Y0|SSL7_STAA8	26.797	66	153	0.002	34.3
Gr5/sel29p	sp|Q2G1S8|SSL4_STAA8	26.400	54	125	0.025	31.2
Gr5/sel29p	sp|Q2G0X9|SSL1_STAA8	24.503	65	151	0.049	30.4
Gr5/sel29p	sp|Q2G0X4|SSL11_STAA8	44.000	11	25	0.050	30.4
Gr5/sel29p	tr|Q2FZB1|Q2FZB1_STAA8	25.362	59	138	0.068	30.0
Gr5/sel29p	tr|Q2G1S5|Q2G1S5_STAA8	36.842	17	38	0.088	29.6
Gr5/sel29p	tr|Q2FZB2|Q2FZB2_STAA8	25.191	55	131	0.14	28.9
Gr5/sel29p	sp|Q2G0X7|SSL3_STAA8	27.941	29	68	0.21	28.5
Gr5/sel29p	sp|Q2FYM4|BRNQL_STAA8	42.105	15	38	0.21	28.5
Gr5/sel29p	sp|Q2G1S6|SSL5_STAA8	25.962	40	104	0.24	28.1
Gr5/sel29p	sp|Q2G2X7|SSL10_STAA8	22.556	55	133	0.52	27.3
Gr5/sel29p	tr|Q2G2X8|Q2G2X8_STAA8	35.294	15	34	0.88	26.6
Gr5/sel29p	tr|Q2G2X9|Q2G2X9_STAA8	36.000	11	25	5.5	23.9
Gr5/sel29p	tr|Q2FVV8|Q2FVV8_STAA8	31.579	15	38	6.7	23.9
Gr5/sel29p	tr|Q2G118|Q2G118_STAA8	32.143	12	28	7.1	23.9
Gr5/sel29p	sp|Q2FXC7|SPLE_STAA8	34.286	15	35	8.7	23.5
Gr5/sel29p	tr|Q2FYP0|Q2FYP0_STAA8	25.862	26	58	9.0	23.5
Gr6/sel30	tr|Q2FXX5|Q2FXX5_STAA8	44.595	89	222	6.28e-61	188
Gr6/sel30	sp|Q2G2Y0|SSL7_STAA8	27.434	41	113	0.063	30.0
Gr6/sel30	tr|Q2G2X8|Q2G2X8_STAA8	24.051	88	237	0.19	28.9
Gr6/sel30	tr|Q2G2X9|Q2G2X9_STAA8	33.333	19	48	0.33	28.1
Gr6/sel30	tr|Q2FYV3|Q2FYV3_STAA8	26.761	28	71	0.54	27.3
Gr6/sel30	tr|Q2G0X8|Q2G0X8_STAA8	19.171	77	193	1.5	25.8
Gr6/sel30	tr|Q2FZB3|Q2FZB3_STAA8	27.632	29	76	3.4	25.0
Gr6/sel30	tr|Q2FYP0|Q2FYP0_STAA8	30.000	28	70	4.5	24.6
Gr6/sel30	tr|Q2FVG1|Q2FVG1_STAA8	24.638	28	69	4.9	24.3
Gr6/sel30	tr|Q2FWU5|Q2FWU5_STAA8	32.000	10	25	5.8	24.6
Gr6/sel30	tr|Q2G1L1|Q2G1L1_STAA8	22.222	18	45	7.5	23.1
Gr6/sel30	tr|Q2G132|Q2G132_STAA8	41.176	7	17	7.8	23.5
Gr6/sel30	sp|Q2FV64|COPA_STAA8	30.233	17	43	8.2	23.9
Gr6/sel30	sp|Q2G2X7|SSL10_STAA8	35.294	14	34	9.7	23.5
Gr6/sel30	sp|Q2FZD7|RNH3_STAA8	26.891	46	119	9.7	23.5
Gr7/ses-2p	tr|Q2FXX5|Q2FXX5_STAA8	33.742	66	163	4.73e-20	82.0
Gr7/ses-2p	sp|Q2G1C4|TARJ2_STAA8	38.462	11	26	0.73	26.9
Gr7/ses-2p	sp|Q2G2X7|SSL10_STAA8	28.916	34	83	4.2	24.6
Gr7/ses-2p	tr|Q2FZD4|Q2FZD4_STAA8	30.000	29	80	7.3	23.9
Gr7/ses-2p	tr|Q2FZC5|Q2FZC5_STAA8	25.455	23	55	8.1	23.5
Gr7/ses-2p	tr|Q2G003|Q2G003_STAA8	37.037	11	27	9.0	22.3
Gr8/sel31	tr|Q2FXX5|Q2FXX5_STAA8	36.207	90	232	1.77e-43	144
Gr8/sel31	tr|Q2FZB2|Q2FZB2_STAA8	33.333	46	126	3.95e-04	37.0
Gr8/sel31	sp|Q2G1S6|SSL5_STAA8	28.037	36	107	0.075	30.0
Gr8/sel31	sp|Q2G1S8|SSL4_STAA8	25.806	35	93	0.24	28.5
Gr8/sel31	tr|Q2FY66|Q2FY66_STAA8	32.692	20	52	0.60	27.3
Gr8/sel31	tr|Q2FZB1|Q2FZB1_STAA8	36.538	20	52	0.78	26.9
Gr8/sel31	sp|Q2FYR1|FEMB_STAA8	28.244	43	131	1.1	26.6
Gr8/sel31	tr|Q2FZB3|Q2FZB3_STAA8	28.302	38	106	1.6	25.8
Gr8/sel31	tr|Q2FZI9|Q2FZI9_STAA8	44.444	7	18	2.3	25.8
Gr8/sel31	sp|Q2G2X7|SSL10_STAA8	44.000	10	25	2.5	25.4
Gr8/sel31	tr|Q2FX45|Q2FX45_STAA8	28.302	20	53	2.7	23.5
Gr8/sel31	tr|Q2FWA8|Q2FWA8_STAA8	45.714	14	35	2.8	25.4
Gr8/sel31	tr|Q2G2Y2|Q2G2Y2_STAA8	28.947	15	38	6.8	23.5
Gr8/sel31	sp|Q2G1W2|PCKA_STAA8	52.941	7	17	7.6	23.9
Gr8/sel31	tr|Q2FYS9|Q2FYS9_STAA8	27.273	17	44	8.1	23.9
Gr8/sel31	tr|Q2FYB3|Q2FYB3_STAA8	26.415	20	53	8.1	22.3
Gr8/sel31	tr|Q2G006|Q2G006_STAA8	41.667	9	24	8.2	23.5
Gr8/sel31	sp|Q2G0X7|SSL3_STAA8	30.189	21	53	8.3	23.9
Gr9/sel32	tr|Q2FXX5|Q2FXX5_STAA8	33.846	74	195	1.51e-22	89.0
Gr9/sel32	sp|Q2G0X7|SSL3_STAA8	26.852	43	108	1.86e-05	41.2
Gr9/sel32	tr|Q2G0X8|Q2G0X8_STAA8	43.478	19	46	3.26e-04	37.0
Gr9/sel32	sp|Q2G0X9|SSL1_STAA8	27.778	44	108	4.49e-04	36.6
Gr9/sel32	tr|Q2G1S5|Q2G1S5_STAA8	22.609	47	115	5.20e-04	36.6
Gr9/sel32	sp|Q2G1S8|SSL4_STAA8	25.926	43	108	0.003	34.7
Gr9/sel32	sp|Q2G1S6|SSL5_STAA8	28.431	36	102	0.008	32.7
Gr9/sel32	tr|Q2G2X8|Q2G2X8_STAA8	26.154	49	130	0.013	32.3
Gr9/sel32	tr|Q2G2X9|Q2G2X9_STAA8	30.303	27	66	0.033	30.8
Gr9/sel32	sp|Q2G0X4|SSL11_STAA8	27.381	33	84	0.059	30.0
Gr9/sel32	sp|Q2G2Y0|SSL7_STAA8	28.155	42	103	0.12	29.3
Gr9/sel32	sp|Q2G2X7|SSL10_STAA8	45.833	10	24	0.27	28.1
Gr9/sel32	tr|Q2FW51|Q2FW51_STAA8	27.500	33	80	2.5	24.6
Gr9/sel32	sp|Q2FY10|PDRP_STAA8	30.556	28	72	2.6	25.4
Gr9/sel32	tr|Q2G2K2|Q2G2K2_STAA8	31.250	18	48	2.7	24.6
Gr9/sel32	tr|Q2FXK7|Q2FXK7_STAA8	26.230	20	61	2.9	24.6
Gr9/sel32	tr|Q2FZB2|Q2FZB2_STAA8	23.529	40	102	3.1	25.0
Gr9/sel32	tr|Q2G092|Q2G092_STAA8	37.143	14	35	3.8	22.7
Gr9/sel32	sp|Q2G1C2|TARK_STAA8	34.483	12	29	3.9	25.0
Gr9/sel32	sp|Q2G1B8|TARL_STAA8	34.483	12	29	4.4	24.6
Gr9/sel32	tr|Q2G0B3|Q2G0B3_STAA8	30.303	14	33	7.7	23.9
Gr9/sel32	sp|Q2FW23|RS5_STAA8	31.707	16	41	9.8	23.1
Gr10/sel33	tr|Q2FXX5|Q2FXX5_STAA8	37.129	78	202	1.36e-33	118
Gr10/sel33	tr|Q2FZY1|Q2FZY1_STAA8	26.531	20	49	0.079	28.9
Gr10/sel33	tr|Q2FZB2|Q2FZB2_STAA8	28.571	40	105	0.91	26.6
Gr10/sel33	tr|Q2G2X9|Q2G2X9_STAA8	34.921	25	63	2.7	25.0
Gr10/sel33	sp|O06446|SECA1_STAA8	48.387	12	31	3.1	25.4
Gr10/sel33	sp|Q2G1S8|SSL4_STAA8	27.059	31	85	3.1	25.0
Gr10/sel33	sp|Q2G2X7|SSL10_STAA8	40.625	13	32	4.0	24.6
Gr10/sel33	tr|Q2G1H0|Q2G1H0_STAA8	29.577	28	71	4.4	24.6
Gr10/sel33	sp|Q2G0X4|SSL11_STAA8	30.263	27	76	4.7	24.3
Gr10/sel33	tr|Q2FZR5|Q2FZR5_STAA8	47.368	8	19	5.6	24.3
Gr10/sel33	tr|Q2FUW7|Q2FUW7_STAA8	42.308	10	26	5.7	24.3
Gr10/sel33	sp|Q2G1S6|SSL5_STAA8	33.784	26	74	7.4	23.9
Gr10/sel33	tr|Q2FXX7|Q2FXX7_STAA8	37.500	13	32	7.4	22.3
Gr10/sel33	tr|Q2FZ76|Q2FZ76_STAA8	32.258	12	31	9.1	23.9
Gr11/seh-2p	tr|Q2FXX5|Q2FXX5_STAA8	35.366	88	164	8.80e-25	92.8
Gr11/seh-2p	tr|Q2FZB1|Q2FZB1_STAA8	27.358	52	106	0.99	25.8
Gr11/seh-2p	sp|Q2FWH4|MURF_STAA8	31.579	34	76	2.3	25.0
Gr11/seh-2p	sp|Q2G0X4|SSL11_STAA8	46.429	16	28	2.8	24.3
Gr11/seh-2p	tr|Q2G2X8|Q2G2X8_STAA8	52.381	12	21	4.3	23.9
Gr11/seh-2p	sp|Q2G2Y0|SSL7_STAA8	25.316	44	79	4.6	23.9
Gr11/seh-2p	tr|Q2G2J4|Q2G2J4_STAA8	23.810	22	42	4.8	23.9
Gr11/seh-2p	tr|Q2FYW3|Q2FYW3_STAA8	23.529	38	68	5.4	23.5
Gr11/seh-2p	sp|Q2G1S6|SSL5_STAA8	26.437	47	87	5.7	23.5
Gr11/seh-2p	tr|Q2G0K4|Q2G0K4_STAA8	47.368	11	19	6.0	23.5
Gr11/seh-2p	sp|Q2G2X7|SSL10_STAA8	46.429	16	28	6.2	23.5
Gr11/seh-2p	tr|Q2FXT9|Q2FXT9_STAA8	29.412	29	51	6.4	23.5
Gr11/seh-2p	tr|Q2FVD4|Q2FVD4_STAA8	40.909	13	22	7.7	22.3
Gr11/seh-2p	tr|Q2G1K9|Q2G1K9_STAA8	30.233	18	43	8.3	23.1
Gr11/seh-2p	sp|Q2FXX8|MTNN_STAA8	29.730	21	37	9.7	22.7
Gr11/seh-2p	tr|Q2FXX5|Q2FXX5_STAA8	34.934	92	229	9.09e-40	134
Gr11/seh-2p	tr|Q2G2X8|Q2G2X8_STAA8	41.818	23	55	1.06e-04	38.5
Gr11/seh-2p	tr|Q2G2X9|Q2G2X9_STAA8	38.596	24	57	6.10e-04	36.2
Gr11/seh-2p	sp|Q2G0X4|SSL11_STAA8	39.623	21	53	0.007	32.7
Gr11/seh-2p	sp|Q2G0X7|SSL3_STAA8	34.000	21	50	0.034	31.2
Gr11/seh-2p	tr|Q2FWW2|Q2FWW2_STAA8	22.472	37	89	0.052	29.3
Gr11/seh-2p	sp|Q2G1S8|SSL4_STAA8	32.203	25	59	0.071	30.0
Gr11/seh-2p	sp|Q2G2X7|SSL10_STAA8	36.735	21	49	0.080	29.6
Gr11/seh-2p	sp|Q2G2Y0|SSL7_STAA8	23.404	58	141	0.11	29.3
Gr11/seh-2p	tr|Q2G1S5|Q2G1S5_STAA8	32.692	22	52	0.13	28.9
Gr11/seh-2p	tr|Q2FZB1|Q2FZB1_STAA8	27.869	45	122	0.17	28.9
Gr11/seh-2p	tr|Q2G0X8|Q2G0X8_STAA8	30.769	22	52	0.53	27.3
Gr11/seh-2p	sp|Q2G1S6|SSL5_STAA8	25.490	39	102	1.6	25.8
Gr11/seh-2p	tr|Q2FXY5|Q2FXY5_STAA8	22.346	61	179	2.0	25.4
Gr11/seh-2p	tr|Q2FW73|Q2FW73_STAA8	38.462	11	26	3.3	25.0
Gr11/seh-2p	sp|Q2FWH4|MURF_STAA8	31.579	25	76	3.7	25.0
Gr11/seh-2p	sp|Q2FZ95|FTSL_STAA8	43.333	11	30	4.0	24.3
Gr11/seh-2p	tr|Q2FZB2|Q2FZB2_STAA8	26.733	40	101	6.7	23.9
Gr11/seh-2p	tr|Q2G0K4|Q2G0K4_STAA8	47.368	8	19	8.0	23.9
Gr11/seh-2p	tr|Q2FXT9|Q2FXT9_STAA8	25.333	32	75	8.3	23.9
Gr11/seh-2p	tr|Q2G1A3|Q2G1A3_STAA8	45.455	9	22	9.8	23.5
Gr12/ses-3p	tr|Q2FXX5|Q2FXX5_STAA8	33.533	68	167	6.75e-21	84.3
Gr12/ses-3p	sp|Q2G2X7|SSL10_STAA8	31.325	35	83	0.29	28.1
Gr12/ses-3p	tr|Q2FZB1|Q2FZB1_STAA8	31.111	19	45	7.0	23.9
tsst-1	sp|Q2G2X7|SSL10_STAA8	24.878	84	205	8.30e-09	50.4
tsst-1	sp|Q2G0X9|SSL1_STAA8	32.203	48	118	4.34e-07	45.4
tsst-1	tr|Q2G2X9|Q2G2X9_STAA8	34.677	47	124	5.18e-07	45.4
tsst-1	sp|Q2G2Y0|SSL7_STAA8	33.784	31	74	1.23e-06	44.3
tsst-1	sp|Q2G0X4|SSL11_STAA8	30.667	32	75	3.30e-05	40.0
tsst-1	sp|Q2G1S6|SSL5_STAA8	31.034	47	116	5.01e-05	39.3
tsst-1	tr|Q2G2X8|Q2G2X8_STAA8	33.333	31	75	5.11e-05	39.3
tsst-1	sp|Q2G1S8|SSL4_STAA8	32.895	32	76	9.91e-05	38.9
tsst-1	tr|Q2G1S5|Q2G1S5_STAA8	22.500	94	240	1.15e-04	38.5
tsst-1	sp|Q2G0X7|SSL3_STAA8	31.507	31	73	3.97e-04	37.0
tsst-1	tr|Q2FZB1|Q2FZB1_STAA8	27.830	83	212	0.003	33.9
tsst-1	tr|Q2G0X8|Q2G0X8_STAA8	23.276	47	116	0.006	33.1
tsst-1	tr|Q2FXC0|Q2FXC0_STAA8	38.095	17	42	0.033	30.8
tsst-1	tr|Q2FZB2|Q2FZB2_STAA8	26.570	80	207	0.14	28.9
tsst-1	sp|Q2G107|SELX_STAA8	25.862	45	116	1.8	25.4
tsst-1	tr|Q2G0Z9|Q2G0Z9_STAA8	43.478	10	23	2.5	25.0
tsst-1	sp|Q8KQR1|ISDC_STAA8	32.759	25	58	2.8	25.0
tsst-1	tr|Q2G2I0|Q2G2I0_STAA8	25.926	31	81	5.4	24.3
tsst-1	tr|Q2FV88|Q2FV88_STAA8	25.581	37	86	5.9	23.5
tsst-1	tr|Q2FZB3|Q2FZB3_STAA8	33.333	23	54	6.8	23.9
tsst-1	sp|Q2FZV7|NDH_STAA8	33.333	14	33	7.2	23.9
selx	sp|Q2G107|SELX_STAA8	96.552	99	203	4.51e-145	398
selx	sp|Q2G1S8|SSL4_STAA8	44.286	34	70	1.35e-08	50.1
selx	sp|Q2G0X7|SSL3_STAA8	45.205	34	73	1.97e-08	49.7
selx	tr|Q2G0X8|Q2G0X8_STAA8	39.744	38	78	8.16e-08	47.4
selx	tr|Q2G2X9|Q2G2X9_STAA8	42.667	36	75	5.59e-06	42.0
selx	sp|Q2G2Y0|SSL7_STAA8	35.417	46	96	1.23e-05	40.8
selx	sp|Q2G0X4|SSL11_STAA8	45.763	28	59	2.57e-04	37.0
selx	sp|Q2G0X9|SSL1_STAA8	32.000	36	75	3.91e-04	36.2
selx	sp|Q2G1S6|SSL5_STAA8	38.571	33	70	8.74e-04	35.4
selx	tr|Q2G2X8|Q2G2X8_STAA8	38.667	36	75	0.001	35.4
selx	tr|Q2G1S5|Q2G1S5_STAA8	34.667	36	75	0.002	34.7
selx	tr|Q2FZB1|Q2FZB1_STAA8	44.286	30	70	0.004	33.5
selx	tr|Q2FZB3|Q2FZB3_STAA8	37.705	30	61	0.007	32.7
selx	sp|Q2G2X7|SSL10_STAA8	33.766	36	77	0.044	30.0
selx	tr|Q2FZB2|Q2FZB2_STAA8	37.931	28	58	1.5	25.4
selx	tr|Q2FVK7|Q2FVK7_STAA8	47.826	11	23	2.2	25.0
selx	sp|Q2FZC0|FLIPR_STAA8	29.268	17	41	2.9	24.3
selx	sp|Q2FWV5|CHIPS_STAA8	42.857	14	28	3.0	24.3
selx	tr|Q2G0M1|Q2G0M1_STAA8	31.373	24	51	4.5	23.9
selx	sp|Q2FZK3|FMTA_STAA8	22.340	41	94	5.6	23.9
selx	tr|Q2FUV9|Q2FUV9_STAA8	47.826	11	23	6.6	23.1
selx	sp|Q9RFJ6|ROT_STAA8	50.000	8	18	7.2	23.1
selx	tr|Q2G2S5|Q2G2S5_STAA8	43.750	15	32	8.2	23.1
sea	tr|Q2FXX5|Q2FXX5_STAA8	40.870	89	230	5.88e-61	189
sea	sp|Q2G2Y0|SSL7_STAA8	27.848	31	79	0.003	34.3
sea	sp|Q2G0X4|SSL11_STAA8	37.143	14	35	0.004	33.9
sea	sp|Q2G2X7|SSL10_STAA8	43.243	14	37	0.004	33.9
sea	tr|Q2G2X8|Q2G2X8_STAA8	28.947	44	114	0.005	33.9
sea	tr|Q2G2X9|Q2G2X9_STAA8	30.108	35	93	0.020	32.0
sea	tr|Q2G1S5|Q2G1S5_STAA8	24.667	57	150	0.053	30.4
sea	sp|Q2G1S8|SSL4_STAA8	39.535	17	43	0.15	29.3
sea	sp|Q2G0X7|SSL3_STAA8	37.500	16	40	0.26	28.5
sea	tr|Q2FZB1|Q2FZB1_STAA8	25.564	46	133	0.49	27.3
sea	tr|Q2G0X8|Q2G0X8_STAA8	37.037	10	27	0.67	26.9
sea	sp|Q2G1S6|SSL5_STAA8	32.353	13	34	0.77	26.9
sea	tr|Q2FZB2|Q2FZB2_STAA8	23.770	46	122	2.6	25.4
sea	tr|Q2FWV2|Q2FWV2_STAA8	55.556	7	18	3.2	25.0
sea	tr|Q2FZB3|Q2FZB3_STAA8	37.143	14	35	3.4	25.0
sea	tr|Q2FUZ1|Q2FUZ1_STAA8	24.561	22	57	3.7	24.6
sea	tr|Q2FYD3|Q2FYD3_STAA8	33.333	15	39	4.0	25.0
sea	tr|Q2FZL6|Q2FZL6_STAA8	34.211	15	38	4.8	24.6
sea	tr|Q2G006|Q2G006_STAA8	30.303	13	33	7.7	23.9
sea	sp|Q2FYJ6|EBH_STAA8	33.333	14	36	9.4	23.9
seb	tr|Q2FXX5|Q2FXX5_STAA8	30.290	89	241	3.59e-19	80.5
seb	tr|Q2FZB1|Q2FZB1_STAA8	26.380	60	163	1.46e-04	38.5
seb	tr|Q2FZB2|Q2FZB2_STAA8	28.834	60	163	4.21e-04	37.0
seb	tr|Q2FZB3|Q2FZB3_STAA8	28.906	47	128	0.006	33.5
seb	sp|Q2G1S8|SSL4_STAA8	30.159	22	63	0.008	33.5
seb	sp|Q2G0X4|SSL11_STAA8	25.581	46	129	0.11	29.6
seb	sp|Q2G2Y0|SSL7_STAA8	35.714	24	70	0.15	29.3
seb	sp|Q2G0X7|SSL3_STAA8	25.397	22	63	0.56	27.7
seb	sp|Q2FWG3|THIE_STAA8	28.750	29	80	0.62	27.3
seb	sp|Q2G0X9|SSL1_STAA8	28.378	27	74	0.83	26.9
seb	tr|Q2G2X9|Q2G2X9_STAA8	48.000	9	25	1.3	26.2
seb	tr|Q2FV71|Q2FV71_STAA8	31.746	23	63	1.7	24.6
seb	sp|Q2G2X7|SSL10_STAA8	32.609	17	46	2.3	25.4
seb	tr|Q2G0X8|Q2G0X8_STAA8	28.571	22	63	2.6	25.4
seb	sp|Q2FXU2|DTD_STAA8	32.727	19	55	2.6	25.0
seb	sp|Q2G1S6|SSL5_STAA8	40.000	9	25	3.1	25.0
seb	sp|Q2FZX4|LIPA_STAA8	33.333	15	42	4.3	24.6
seb	sp|Q2G0X1|Y402_STAA8	31.461	31	89	4.6	24.6
seb	sp|Q2FYL5|MURG_STAA8	24.528	35	106	6.4	24.3
seb	sp|Q2FZ28|HSLU_STAA8	48.000	9	25	7.3	24.3
seb	tr|Q2G1S5|Q2G1S5_STAA8	24.194	22	62	7.8	23.9
seb	tr|Q2G171|Q2G171_STAA8	24.752	36	101	9.6	23.9
sec1	tr|Q2FXX5|Q2FXX5_STAA8	29.487	84	234	4.46e-20	82.8
sec1	sp|Q2G0X4|SSL11_STAA8	27.273	48	132	0.006	33.5
sec1	tr|Q2G2C1|Q2G2C1_STAA8	22.650	77	234	0.007	33.9
sec1	sp|Q2G1S8|SSL4_STAA8	36.364	23	66	0.009	33.1
sec1	tr|Q2G2X9|Q2G2X9_STAA8	30.986	26	71	0.44	27.7
sec1	tr|Q2FZB1|Q2FZB1_STAA8	33.696	33	92	0.45	27.7
sec1	tr|Q2G0X8|Q2G0X8_STAA8	24.719	33	89	0.68	26.9
sec1	tr|Q2G1S5|Q2G1S5_STAA8	23.529	25	68	1.1	26.6
sec1	sp|Q2G0X7|SSL3_STAA8	34.000	19	50	1.7	26.2
sec1	sp|Q2G2X7|SSL10_STAA8	32.941	31	85	1.7	25.8
sec1	tr|Q2G2X8|Q2G2X8_STAA8	46.429	10	28	1.8	25.8
sec1	tr|Q2FWW9|Q2FWW9_STAA8	31.034	11	29	2.1	25.8
sec1	sp|Q2G0X9|SSL1_STAA8	30.000	19	50	2.2	25.4
sec1	tr|Q2G1G1|Q2G1G1_STAA8	27.551	35	98	2.5	25.4
sec1	tr|Q2FZB3|Q2FZB3_STAA8	43.333	11	30	2.5	25.4
sec1	sp|Q2G1S6|SSL5_STAA8	27.083	35	96	2.6	25.4
sec1	sp|Q2G0J5|Y567_STAA8	31.373	19	51	4.1	24.3
sec1	sp|Q2G2Y0|SSL7_STAA8	27.941	25	68	5.5	24.3
sec1	tr|Q2FZB2|Q2FZB2_STAA8	38.462	15	39	5.6	24.3
sec2	tr|Q2FXX5|Q2FXX5_STAA8	30.808	72	198	6.40e-19	79.7
sec2	sp|Q2G0X4|SSL11_STAA8	27.273	48	132	0.005	33.5
sec2	sp|Q2G1S8|SSL4_STAA8	36.364	23	66	0.009	33.1
sec2	tr|Q2G2C1|Q2G2C1_STAA8	22.283	61	184	0.034	31.6
sec2	tr|Q2G2X9|Q2G2X9_STAA8	30.986	26	71	0.39	27.7
sec2	tr|Q2FZB1|Q2FZB1_STAA8	33.696	33	92	0.40	27.7
sec2	tr|Q2G0X8|Q2G0X8_STAA8	36.667	11	30	0.74	26.9
sec2	tr|Q2FVE1|Q2FVE1_STAA8	22.857	26	70	0.93	26.9
sec2	tr|Q2G1S5|Q2G1S5_STAA8	23.529	25	68	0.96	26.6
sec2	sp|Q2G0X7|SSL3_STAA8	34.000	19	50	1.6	26.2
sec2	sp|Q2G2X7|SSL10_STAA8	32.941	31	85	1.6	25.8
sec2	tr|Q2G2X8|Q2G2X8_STAA8	46.429	10	28	1.7	25.8
sec2	sp|Q2G0X9|SSL1_STAA8	30.000	19	50	2.2	25.4
sec2	tr|Q2FZB3|Q2FZB3_STAA8	43.333	11	30	2.3	25.4
sec2	sp|Q2G1S6|SSL5_STAA8	27.083	35	96	3.1	25.0
sec2	tr|Q2FZB2|Q2FZB2_STAA8	38.462	15	39	4.9	24.6
sec2	tr|Q2G027|Q2G027_STAA8	25.806	19	62	6.0	23.9
sec2	sp|Q2G2Y0|SSL7_STAA8	27.536	26	69	6.1	24.3
sec3	tr|Q2FXX5|Q2FXX5_STAA8	29.487	84	234	1.30e-19	81.6
sec3	sp|Q2G1S8|SSL4_STAA8	37.879	23	66	0.007	33.5
sec3	sp|Q2G0X4|SSL11_STAA8	26.515	48	132	0.009	32.7
sec3	tr|Q2G2C1|Q2G2C1_STAA8	22.826	61	184	0.021	32.3
sec3	tr|Q2G2X9|Q2G2X9_STAA8	32.394	26	71	0.29	28.1
sec3	tr|Q2FZB1|Q2FZB1_STAA8	33.696	33	92	0.41	27.7
sec3	tr|Q2G0X8|Q2G0X8_STAA8	24.719	33	89	0.69	26.9
sec3	tr|Q2G1S5|Q2G1S5_STAA8	23.529	25	68	0.87	26.9
sec3	sp|Q2G0X7|SSL3_STAA8	34.000	19	50	1.7	26.2
sec3	tr|Q2FVE1|Q2FVE1_STAA8	27.273	21	55	1.9	26.2
sec3	tr|Q2G2X8|Q2G2X8_STAA8	46.429	10	28	1.9	25.8
sec3	sp|Q2G2X7|SSL10_STAA8	32.941	31	85	1.9	25.8
sec3	tr|Q2FZB3|Q2FZB3_STAA8	43.333	11	30	2.3	25.4
sec3	sp|Q2G0X9|SSL1_STAA8	30.000	19	50	2.4	25.4
sec3	sp|Q2G1S6|SSL5_STAA8	26.042	35	96	5.1	24.3
sec3	tr|Q2FZB2|Q2FZB2_STAA8	38.462	15	39	5.4	24.3
sec3	sp|Q2G2Y0|SSL7_STAA8	27.536	26	69	5.8	24.3
sec3	tr|Q2FYZ3|Q2FYZ3_STAA8	39.024	15	41	7.9	23.9
sed	tr|Q2FXX5|Q2FXX5_STAA8	37.885	88	227	1.59e-53	169
sed	sp|Q2G2Y0|SSL7_STAA8	31.356	44	118	7.89e-05	38.9
sed	tr|Q2FZB1|Q2FZB1_STAA8	29.787	35	94	0.039	30.8
sed	sp|Q2G0X9|SSL1_STAA8	23.148	83	216	0.073	30.0
sed	tr|Q2G2X9|Q2G2X9_STAA8	27.344	48	128	0.077	30.0
sed	tr|Q2FZB2|Q2FZB2_STAA8	28.571	39	112	0.42	27.7
sed	tr|Q2FZB3|Q2FZB3_STAA8	31.579	28	76	1.7	25.8
sed	tr|Q2FUP7|Q2FUP7_STAA8	32.000	27	75	2.2	25.8
sed	sp|Q2G1S8|SSL4_STAA8	24.138	45	116	2.3	25.4
sed	tr|Q2FW73|Q2FW73_STAA8	38.889	14	36	2.5	25.4
sed	tr|Q2G0X8|Q2G0X8_STAA8	27.273	21	55	2.8	25.0
sed	tr|Q2G2X8|Q2G2X8_STAA8	32.787	21	61	5.9	24.3
sed	sp|Q2G2X7|SSL10_STAA8	28.846	20	52	6.2	24.3
sed	sp|Q2G0X4|SSL11_STAA8	23.000	37	100	6.9	23.9
see	tr|Q2FXX5|Q2FXX5_STAA8	40.529	88	227	4.67e-58	181
see	sp|Q2G2Y0|SSL7_STAA8	30.097	39	103	1.14e-04	38.5
see	sp|Q2G2X7|SSL10_STAA8	36.538	20	52	0.052	30.4
see	tr|Q2FUT8|Q2FUT8_STAA8	32.727	21	55	0.055	30.8
see	tr|Q2G2X9|Q2G2X9_STAA8	30.588	32	85	0.095	29.6
see	tr|Q2G1S5|Q2G1S5_STAA8	26.027	28	73	0.11	29.6
see	tr|Q2G2X8|Q2G2X8_STAA8	27.841	63	176	0.29	28.1
see	sp|Q2G1S8|SSL4_STAA8	28.814	23	59	0.38	28.1
see	sp|Q2G0X9|SSL1_STAA8	26.733	39	101	0.44	27.7
see	sp|Q2G0X7|SSL3_STAA8	30.189	21	53	0.57	27.3
see	tr|Q2G0X8|Q2G0X8_STAA8	36.364	13	33	0.64	26.9
see	sp|Q2G1S6|SSL5_STAA8	29.577	27	71	0.68	26.9
see	sp|Q2G0X4|SSL11_STAA8	31.429	14	35	0.91	26.6
see	tr|Q2FZB3|Q2FZB3_STAA8	34.000	19	50	2.9	25.0
see	tr|Q2FXH1|Q2FXH1_STAA8	62.500	6	16	3.3	25.0
see	sp|Q2FYJ6|EBH_STAA8	35.088	22	57	3.3	25.4
see	tr|Q2FWV2|Q2FWV2_STAA8	55.556	7	18	3.3	25.0
see	tr|Q2G006|Q2G006_STAA8	30.303	13	33	3.3	24.6
see	sp|Q2FW32|RPOA_STAA8	22.727	24	66	7.4	23.9
see	sp|Q2FYR2|FEMA_STAA8	26.136	28	88	7.9	23.9
seg	tr|Q2FXX5|Q2FXX5_STAA8	29.293	72	198	4.57e-16	71.6
seg	tr|Q2FZB2|Q2FZB2_STAA8	30.579	45	121	5.55e-05	39.7
seg	tr|Q2G2X9|Q2G2X9_STAA8	39.062	23	64	0.004	33.9
seg	tr|Q2FZB1|Q2FZB1_STAA8	39.655	22	58	0.011	32.7
seg	sp|Q2G2X7|SSL10_STAA8	27.586	34	87	0.034	31.2
seg	sp|Q2G1S8|SSL4_STAA8	29.348	34	92	0.048	30.8
seg	sp|Q2G0X9|SSL1_STAA8	30.357	22	56	0.075	30.0
seg	tr|Q2FZB3|Q2FZB3_STAA8	26.733	37	101	0.12	29.3
seg	tr|Q2G1S5|Q2G1S5_STAA8	29.545	29	88	0.13	29.3
seg	tr|Q2FY21|Q2FY21_STAA8	30.137	27	73	0.20	29.3
seg	tr|Q2G2X8|Q2G2X8_STAA8	28.824	61	170	0.20	28.9
seg	sp|Q2G0X4|SSL11_STAA8	28.000	36	100	0.30	28.1
seg	sp|Q2G0X7|SSL3_STAA8	27.473	34	91	0.51	27.7
seg	sp|Q2FXY7|LEPA_STAA8	26.562	23	64	0.70	27.3
seg	sp|Q2G2Y0|SSL7_STAA8	40.000	12	30	0.99	26.6
seg	tr|Q2G2K1|Q2G2K1_STAA8	34.375	12	32	4.1	24.6
seg	tr|Q2FYU8|Q2FYU8_STAA8	35.714	11	28	4.4	24.6
seg	sp|Q2G1S6|SSL5_STAA8	23.438	47	128	6.9	23.9
seg	tr|Q2FUW8|Q2FUW8_STAA8	25.926	50	135	7.1	24.3
seh	tr|Q2FXX5|Q2FXX5_STAA8	35.965	90	228	1.52e-39	133
seh	tr|Q2G2X8|Q2G2X8_STAA8	34.831	36	89	1.31e-05	41.2
seh	tr|Q2G2X9|Q2G2X9_STAA8	36.364	36	88	2.07e-05	40.8
seh	sp|Q2G0X4|SSL11_STAA8	40.000	21	50	0.003	34.3
seh	sp|Q2G0X7|SSL3_STAA8	34.000	21	50	0.014	32.3
seh	tr|Q2FZB1|Q2FZB1_STAA8	30.172	42	116	0.032	31.2
seh	sp|Q2G1S8|SSL4_STAA8	33.929	23	56	0.037	31.2
seh	tr|Q2G0X8|Q2G0X8_STAA8	34.615	21	52	0.041	30.8
seh	sp|Q2G2X7|SSL10_STAA8	40.000	20	50	0.051	30.4
seh	sp|Q2G2Y0|SSL7_STAA8	30.120	34	83	0.13	29.3
seh	tr|Q2FWW2|Q2FWW2_STAA8	20.225	36	89	0.27	26.9
seh	sp|Q2G1S6|SSL5_STAA8	27.049	46	122	0.33	27.7
seh	tr|Q2G1S5|Q2G1S5_STAA8	32.692	21	52	0.62	26.9
seh	tr|Q2FXT9|Q2FXT9_STAA8	29.487	31	78	0.71	27.3
seh	sp|Q2FZ37|SUCC_STAA8	36.364	14	33	1.2	26.6
seh	tr|Q2FZB2|Q2FZB2_STAA8	40.541	15	37	1.7	25.8
seh	sp|Q2FXX8|MTNN_STAA8	33.333	15	36	1.8	25.4
seh	tr|Q2G1K9|Q2G1K9_STAA8	28.261	19	46	3.1	25.4
seh	tr|Q2G2J4|Q2G2J4_STAA8	26.190	16	42	3.6	25.0
seh	tr|Q2FXY5|Q2FXY5_STAA8	22.293	53	157	4.0	24.6
seh	sp|Q2FWH4|MURF_STAA8	35.135	11	37	6.1	24.3
seh	tr|Q2FW73|Q2FW73_STAA8	45.455	9	22	6.7	23.9
seh	tr|Q2FWU8|Q2FWU8_STAA8	33.929	21	56	7.1	23.1
seh	tr|Q2FWA8|Q2FWA8_STAA8	28.889	19	45	8.0	23.9
seh	sp|Q2G1P8|Y055_STAA8	47.368	8	19	8.1	23.5
sei	tr|Q2FXX5|Q2FXX5_STAA8	34.568	64	162	1.26e-20	83.6
sei	tr|Q2G0X8|Q2G0X8_STAA8	39.286	23	56	0.002	34.7
sei	tr|Q2G1S5|Q2G1S5_STAA8	42.105	16	38	0.018	31.6
sei	sp|Q2G2Y0|SSL7_STAA8	31.169	30	77	0.032	31.2
sei	sp|Q2G1S6|SSL5_STAA8	29.907	36	107	0.11	29.3
sei	sp|Q2G1S8|SSL4_STAA8	45.455	14	33	0.12	29.3
sei	tr|Q2FZB2|Q2FZB2_STAA8	24.096	61	166	0.13	29.3
sei	sp|Q2G0X7|SSL3_STAA8	40.000	12	30	0.16	29.3
sei	tr|Q2FZB3|Q2FZB3_STAA8	29.464	43	112	0.30	28.1
sei	tr|Q2FZB1|Q2FZB1_STAA8	26.364	42	110	0.49	27.3
sei	tr|Q2FVL8|Q2FVL8_STAA8	32.941	33	85	0.60	27.3
sei	sp|Q2G0X4|SSL11_STAA8	40.000	10	25	0.62	26.9
sei	sp|Q2G2X7|SSL10_STAA8	45.833	10	24	0.75	26.9
sei	tr|Q2FYD3|Q2FYD3_STAA8	26.966	32	89	1.9	25.8
sei	tr|Q2G2X8|Q2G2X8_STAA8	36.364	13	33	2.2	25.4
sei	sp|P14738|FNBA_STAA8	29.688	23	64	2.5	25.4
sei	sp|Q2FVT6|HUTI_STAA8	27.835	28	97	3.4	25.0
sei	tr|Q2G1H9|Q2G1H9_STAA8	28.571	27	70	3.9	25.0
sei	tr|Q2FZU7|Q2FZU7_STAA8	29.545	18	44	4.7	24.6
sei	sp|Q2G2K5|URE1_STAA8	26.613	42	124	5.2	24.6
sei	tr|Q2FWW1|Q2FWW1_STAA8	22.599	70	177	6.8	24.3
sei	sp|Q2FXQ9|HEM1_STAA8	32.000	19	50	7.6	23.9
sei	sp|Q2G185|ESSB_STAA8	58.333	5	12	9.8	23.5
selj	tr|Q2FXX5|Q2FXX5_STAA8	42.544	85	228	1.88e-56	177
selj	sp|Q2G2Y0|SSL7_STAA8	32.927	29	82	1.54e-04	38.1
selj	tr|Q2G2X9|Q2G2X9_STAA8	30.137	26	73	0.11	29.6
selj	sp|Q2G1S6|SSL5_STAA8	29.577	26	71	0.20	28.9
selj	tr|Q2FZB3|Q2FZB3_STAA8	30.864	29	81	0.28	28.5
selj	sp|Q2G0X9|SSL1_STAA8	21.827	73	197	0.51	27.3
selj	sp|Q2G2X7|SSL10_STAA8	35.294	13	34	0.55	27.3
selj	tr|Q2G2X8|Q2G2X8_STAA8	36.364	12	33	0.66	27.3
selj	sp|Q2G0X4|SSL11_STAA8	34.286	13	35	0.77	26.9
selj	tr|Q2FZS2|Q2FZS2_STAA8	28.889	17	45	1.2	25.8
selj	sp|Q2G107|SELX_STAA8	31.915	33	94	1.2	26.2
selj	tr|Q2G0X8|Q2G0X8_STAA8	33.333	12	33	1.9	25.8
selj	sp|Q2G1U0|KGUA_STAA8	28.571	13	35	2.0	25.4
selj	sp|Q2FWC3|LUXS_STAA8	23.913	31	92	2.2	25.4
selj	tr|Q2FZB1|Q2FZB1_STAA8	38.636	16	44	2.4	25.4
selj	tr|Q2FZB2|Q2FZB2_STAA8	38.462	14	39	2.7	25.4
selj	tr|Q2G1B7|Q2G1B7_STAA8	27.059	28	85	2.8	25.4
selj	tr|Q2G2G1|Q2G2G1_STAA8	37.931	11	29	6.1	23.9
selj	sp|Q2G0X7|SSL3_STAA8	32.500	15	40	6.2	24.3
selj	sp|Q2G222|Y2979_STAA8	40.741	9	27	6.9	24.3
selj	sp|Q2G1S8|SSL4_STAA8	32.558	16	43	7.5	23.9
selj	tr|Q2G2K1|Q2G2K1_STAA8	24.138	11	29	8.0	23.9
sek	tr|Q2FXX5|Q2FXX5_STAA8	35.185	64	162	6.58e-22	87.0
sek	tr|Q2G1S5|Q2G1S5_STAA8	28.431	41	102	6.71e-05	39.3
sek	sp|Q2G0X4|SSL11_STAA8	31.776	41	107	0.002	35.0
sek	sp|Q2G2Y0|SSL7_STAA8	31.818	42	110	0.002	34.7
sek	tr|Q2G0X8|Q2G0X8_STAA8	31.683	40	101	0.002	34.3
sek	sp|Q2G0X7|SSL3_STAA8	33.333	29	72	0.003	34.3
sek	sp|Q2G1S8|SSL4_STAA8	30.909	44	110	0.005	33.9
sek	sp|Q2G1S6|SSL5_STAA8	29.167	38	96	0.014	32.0
sek	sp|Q2G0X9|SSL1_STAA8	25.373	54	134	0.023	31.6
sek	tr|Q2FZB2|Q2FZB2_STAA8	23.567	61	157	0.027	31.2
sek	sp|Q2G2X7|SSL10_STAA8	50.000	10	24	0.30	28.1
sek	tr|Q2G2X8|Q2G2X8_STAA8	44.000	10	25	1.4	25.8
sek	sp|P52078|Y997_STAA8	21.951	17	41	2.4	25.4
sek	sp|Q2G2B2|SASG_STAA8	37.209	18	43	3.6	25.0
sek	tr|Q2FWW1|Q2FWW1_STAA8	23.077	37	91	4.2	24.6
sek	tr|Q2FWW1|Q2FWW1_STAA8	50.000	37	22	5.3	24.6
sek	tr|Q2FWN6|Q2FWN6_STAA8	36.842	13	38	5.5	24.3
sek	tr|Q2G2X9|Q2G2X9_STAA8	35.484	13	31	6.0	23.9
sek	tr|Q2FVV8|Q2FVV8_STAA8	25.926	21	54	8.0	23.9
sek	tr|Q2G019|Q2G019_STAA8	52.941	7	17	8.5	23.5
sel	tr|Q2FXX5|Q2FXX5_STAA8	34.091	71	176	4.51e-26	98.2
sel	tr|Q2G0X8|Q2G0X8_STAA8	53.125	13	32	2.26e-04	37.4
sel	sp|Q2G0X7|SSL3_STAA8	25.984	50	127	0.006	33.5
sel	sp|Q2G1S8|SSL4_STAA8	25.203	51	123	0.008	33.1
sel	sp|Q2G2Y0|SSL7_STAA8	28.723	39	94	0.011	32.3
sel	tr|Q2G2X8|Q2G2X8_STAA8	27.344	52	128	0.029	31.2
sel	sp|Q2G0X4|SSL11_STAA8	32.184	34	87	0.029	31.2
sel	tr|Q2G1S5|Q2G1S5_STAA8	25.352	29	71	0.070	30.0
sel	tr|Q2FZB3|Q2FZB3_STAA8	28.169	49	142	0.086	29.6
sel	tr|Q2FZB2|Q2FZB2_STAA8	27.059	32	85	0.67	26.9
sel	sp|Q2G2X7|SSL10_STAA8	29.808	42	104	0.67	26.9
sel	tr|Q2G2X9|Q2G2X9_STAA8	28.125	27	64	0.69	26.9
sel	sp|Q2G1S6|SSL5_STAA8	41.667	10	24	1.3	26.2
sel	tr|Q2FZA1|Q2FZA1_STAA8	34.043	17	47	2.2	25.0
sel	tr|Q2G199|Q2G199_STAA8	31.250	13	32	2.8	25.4
sel	tr|Q2FZC8|Q2FZC8_STAA8	37.778	18	45	3.8	25.0
sel	tr|Q2FUT2|Q2FUT2_STAA8	36.111	15	36	5.4	24.3
sel	sp|Q2FWD6|ALDH_STAA8	36.364	14	33	6.1	24.3
sel	sp|Q2G0N5|RPOC_STAA8	30.000	33	80	7.9	23.9
sel	sp|Q2G012|EMP_STAA8	48.148	10	27	10.0	23.5
sem	tr|Q2FXX5|Q2FXX5_STAA8	31.707	79	205	5.78e-23	90.1
sem	sp|Q2G2Y0|SSL7_STAA8	34.579	43	107	0.001	35.0
sem	sp|Q2G0X9|SSL1_STAA8	21.978	72	182	0.006	33.1
sem	tr|Q2FZB2|Q2FZB2_STAA8	21.739	50	138	0.010	32.7
sem	sp|Q2G1S6|SSL5_STAA8	24.026	57	154	0.017	32.0
sem	sp|Q2G0X7|SSL3_STAA8	30.469	50	128	0.018	32.0
sem	sp|Q2G1S8|SSL4_STAA8	28.000	51	125	0.036	31.2
sem	tr|Q2G0X8|Q2G0X8_STAA8	35.714	23	56	0.036	30.8
sem	tr|Q2G1S5|Q2G1S5_STAA8	36.842	16	38	0.12	29.3
sem	sp|Q2G2X7|SSL10_STAA8	31.250	27	64	0.22	28.5
sem	tr|Q2FZB3|Q2FZB3_STAA8	26.761	50	142	0.52	27.3
sem	sp|Q2G0X4|SSL11_STAA8	25.581	33	86	0.53	27.3
sem	sp|P52078|Y997_STAA8	32.258	13	31	0.71	26.9
sem	tr|Q2G2X8|Q2G2X8_STAA8	38.235	14	34	1.4	25.8
sem	tr|Q2FY50|Q2FY50_STAA8	31.373	21	51	2.9	25.4
sem	tr|Q2FZU7|Q2FZU7_STAA8	27.273	18	44	3.0	25.0
sem	tr|Q2G1Q4|Q2G1Q4_STAA8	38.095	16	42	4.7	24.6
sem	sp|Q2FXC7|SPLE_STAA8	31.429	15	35	4.7	24.3
sem	sp|Q2FZW6|DLTA_STAA8	25.974	28	77	6.1	24.3
sem	tr|Q2FVV8|Q2FVV8_STAA8	38.462	11	26	6.4	23.9
sem	tr|Q2G2X9|Q2G2X9_STAA8	36.364	14	33	7.1	23.9
sem	tr|Q2FXH4|Q2FXH4_STAA8	32.609	17	46	8.6	23.9
sem	tr|Q2G1V4|Q2G1V4_STAA8	34.211	16	38	9.4	23.5
sen	tr|Q2FXX5|Q2FXX5_STAA8	36.245	88	229	4.22e-38	130
sen	tr|Q2FZY1|Q2FZY1_STAA8	26.531	19	49	0.093	28.5
sen	tr|Q2FZB2|Q2FZB2_STAA8	29.592	36	98	0.66	26.9
sen	sp|Q2FXZ2|DNAK_STAA8	30.357	20	56	1.2	26.6
sen	tr|Q2G2X9|Q2G2X9_STAA8	34.921	24	63	2.4	25.4
sen	sp|O06446|SECA1_STAA8	48.387	12	31	3.0	25.4
sen	sp|Q2G2X7|SSL10_STAA8	40.625	12	32	3.0	25.0
sen	tr|Q2G2E8|Q2G2E8_STAA8	37.143	14	35	4.1	24.3
sen	tr|Q2G1R3|Q2G1R3_STAA8	37.143	14	35	4.5	24.6
sen	tr|Q2FZR5|Q2FZR5_STAA8	47.368	7	19	6.0	24.3
sen	sp|Q2FYJ6|EBH_STAA8	28.571	24	63	6.5	24.6
sen	tr|Q2FVU5|Q2FVU5_STAA8	37.209	15	43	6.7	23.9
sen	sp|Q2G1S6|SSL5_STAA8	36.364	16	44	7.4	23.9
sen	tr|Q2G0I0|Q2G0I0_STAA8	52.381	8	21	9.3	23.5
sen	tr|Q2G068|Q2G068_STAA8	27.273	24	77	9.5	23.5
seo	tr|Q2FXX5|Q2FXX5_STAA8	36.325	87	234	1.13e-37	129
seo	sp|Q2G2Y0|SSL7_STAA8	36.232	26	69	0.019	32.0
seo	tr|Q2G2X9|Q2G2X9_STAA8	33.898	23	59	0.13	29.3
seo	tr|Q2G2X8|Q2G2X8_STAA8	42.222	17	45	0.46	27.7
seo	tr|Q2FZB2|Q2FZB2_STAA8	32.710	39	107	0.76	26.9
seo	sp|Q2G2X7|SSL10_STAA8	43.333	11	30	0.80	26.9
seo	sp|Q2G1S6|SSL5_STAA8	23.656	30	93	0.99	26.6
seo	tr|Q2FZS6|Q2FZS6_STAA8	22.727	25	66	1.3	26.6
seo	tr|Q2G086|Q2G086_STAA8	31.481	21	54	1.5	25.8
seo	tr|Q2G0X8|Q2G0X8_STAA8	34.286	13	35	1.5	26.2
seo	tr|Q2G1W8|Q2G1W8_STAA8	22.951	45	122	1.6	26.2
seo	tr|Q2FZB1|Q2FZB1_STAA8	28.696	39	115	1.6	25.8
seo	sp|Q2G0X7|SSL3_STAA8	28.571	25	70	2.8	25.4
seo	tr|Q2FZY1|Q2FZY1_STAA8	22.449	19	49	3.4	24.3
seo	tr|Q2G1S5|Q2G1S5_STAA8	45.833	9	24	4.8	24.6
seo	tr|Q2FXH4|Q2FXH4_STAA8	30.159	23	63	5.7	24.6
seo	tr|Q2G0M2|Q2G0M2_STAA8	35.484	12	31	7.7	23.9
sep	tr|Q2FXX5|Q2FXX5_STAA8	40.359	85	223	1.73e-55	175
sep	sp|Q2G0X4|SSL11_STAA8	29.293	37	99	0.004	33.9
sep	sp|Q2G2Y0|SSL7_STAA8	30.380	30	79	0.005	33.9
sep	sp|Q2G2X7|SSL10_STAA8	37.838	14	37	0.035	31.2
sep	tr|Q2G1S5|Q2G1S5_STAA8	27.419	24	62	0.081	30.0
sep	tr|Q2G2X8|Q2G2X8_STAA8	42.424	13	33	0.10	29.6
sep	tr|Q2G2X9|Q2G2X9_STAA8	42.424	13	33	0.11	29.6
sep	sp|Q2G1S6|SSL5_STAA8	27.848	30	79	0.11	29.6
sep	tr|Q2FZB1|Q2FZB1_STAA8	25.543	64	184	0.16	28.9
sep	tr|Q2FZB2|Q2FZB2_STAA8	26.230	45	122	0.28	28.5
sep	sp|Q2G0X7|SSL3_STAA8	45.833	9	24	0.74	27.3
sep	sp|Q2G122|METE_STAA8	36.364	19	55	0.83	27.3
sep	tr|Q2G0A4|Q2G0A4_STAA8	37.143	13	35	0.98	26.6
sep	tr|Q2FVH8|Q2FVH8_STAA8	35.714	11	28	1.3	26.6
sep	tr|Q2G0X8|Q2G0X8_STAA8	37.037	10	27	1.4	26.2
sep	tr|Q2FZB3|Q2FZB3_STAA8	34.286	13	35	2.7	25.4
sep	sp|Q2G1S8|SSL4_STAA8	38.889	14	36	3.0	25.0
sep	tr|Q2G006|Q2G006_STAA8	32.432	14	37	3.6	24.6
sep	sp|Q2G1N0|SBND_STAA8	34.146	16	41	5.4	24.6
sep	tr|Q2G158|Q2G158_STAA8	55.556	7	18	7.0	23.9
sep	tr|Q2FYF7|Q2FYF7_STAA8	43.478	9	23	7.6	21.9
sep	tr|Q2FXF9|Q2FXF9_STAA8	30.000	19	50	7.6	23.9
sep	tr|Q2G255|Q2G255_STAA8	32.258	12	31	7.7	23.9
sep	tr|Q2G2S8|Q2G2S8_STAA8	37.500	9	24	9.2	23.9
seq	tr|Q2FXX5|Q2FXX5_STAA8	33.520	67	179	4.64e-24	93.2
seq	tr|Q2G0X8|Q2G0X8_STAA8	36.364	28	77	0.001	35.0
seq	sp|Q2G0X7|SSL3_STAA8	40.845	26	71	0.002	35.0
seq	tr|Q2G1S5|Q2G1S5_STAA8	26.667	29	75	0.003	34.3
seq	sp|Q2G1S6|SSL5_STAA8	26.027	53	146	0.006	33.5
seq	sp|Q2G2Y0|SSL7_STAA8	34.375	24	64	0.011	32.3
seq	tr|Q2G2X8|Q2G2X8_STAA8	27.132	48	129	0.027	31.2
seq	tr|Q2FZB3|Q2FZB3_STAA8	32.000	35	100	0.029	31.2
seq	sp|Q2G0X4|SSL11_STAA8	30.952	31	84	0.038	30.8
seq	tr|Q2G2X9|Q2G2X9_STAA8	23.438	67	192	0.040	30.8
seq	sp|Q2G1S8|SSL4_STAA8	36.232	26	69	0.044	30.8
seq	sp|Q2G0X9|SSL1_STAA8	25.000	41	108	0.18	28.9
seq	tr|Q2FVV8|Q2FVV8_STAA8	28.070	21	57	0.23	28.5
seq	sp|Q2G2X7|SSL10_STAA8	44.000	10	25	0.48	27.3
seq	tr|Q2FZ16|Q2FZ16_STAA8	28.169	28	71	0.78	26.9
seq	sp|Q2G275|RECF_STAA8	24.390	30	82	2.1	25.8
seq	sp|Q2G1G6|MURQ_STAA8	22.222	28	81	2.7	25.4
seq	tr|Q2FZB2|Q2FZB2_STAA8	26.606	37	109	9.4	23.5
ser	tr|Q2FXX5|Q2FXX5_STAA8	30.500	75	200	1.71e-18	78.2
ser	tr|Q2FZB2|Q2FZB2_STAA8	29.310	43	116	6.42e-05	39.3
ser	tr|Q2G2X9|Q2G2X9_STAA8	30.070	52	143	0.001	35.4
ser	tr|Q2FZB1|Q2FZB1_STAA8	26.415	37	106	0.020	32.0
ser	tr|Q2G2X8|Q2G2X8_STAA8	28.571	38	105	0.045	30.8
ser	sp|Q2FYK4|Y1436_STAA8	44.828	11	29	0.061	29.6
ser	sp|Q2G2Y0|SSL7_STAA8	48.387	12	31	0.11	29.6
ser	sp|Q2G1S8|SSL4_STAA8	27.473	34	91	0.28	28.5
ser	tr|Q2FY21|Q2FY21_STAA8	30.000	27	70	0.32	28.5
ser	sp|Q2G0X4|SSL11_STAA8	28.788	23	66	0.51	27.3
ser	sp|Q2G2X7|SSL10_STAA8	30.233	33	86	0.57	27.3
ser	tr|Q2G1S5|Q2G1S5_STAA8	32.308	23	65	0.72	26.9
ser	tr|Q2G0X8|Q2G0X8_STAA8	33.333	12	30	0.78	26.9
ser	tr|Q2FZB3|Q2FZB3_STAA8	25.000	37	104	0.93	26.6
ser	sp|Q2G1S6|SSL5_STAA8	40.000	10	25	1.3	26.2
ser	sp|Q2G0X7|SSL3_STAA8	26.087	34	92	1.4	26.2
ser	tr|Q2FYD3|Q2FYD3_STAA8	30.000	21	70	1.5	26.2
ser	sp|Q2G0X9|SSL1_STAA8	25.490	37	102	3.7	24.6
ser	sp|Q2FWH5|CSHA_STAA8	23.276	40	116	4.7	24.6
ser	tr|Q2FVM1|Q2FVM1_STAA8	34.000	18	50	5.0	24.6
ser	tr|Q2FZD4|Q2FZD4_STAA8	20.202	35	99	5.3	24.6
ser	sp|Q2FZ22|PYRH_STAA8	32.432	13	37	5.5	24.3
ser	sp|Q2FW21|RL6_STAA8	45.455	8	22	8.5	23.5
ser	tr|Q2FYY9|Q2FYY9_STAA8	21.154	20	52	9.4	23.9
ser	sp|Q2G0Z5|NRFA_STAA8	36.364	8	22	9.4	23.5
ser	tr|Q2G1E2|Q2G1E2_STAA8	22.222	28	72	9.9	23.9
ses	tr|Q2FXX5|Q2FXX5_STAA8	36.986	84	219	6.01e-40	134
ses	tr|Q2G2X8|Q2G2X8_STAA8	28.125	35	96	0.053	30.4
ses	tr|Q2G2X9|Q2G2X9_STAA8	33.871	24	62	0.17	28.9
ses	tr|Q2FZB2|Q2FZB2_STAA8	28.421	36	95	0.30	28.1
ses	sp|Q2G0X7|SSL3_STAA8	29.870	27	77	1.4	26.2
ses	tr|Q2G1S5|Q2G1S5_STAA8	29.167	28	72	1.5	26.2
ses	tr|Q2G1I1|Q2G1I1_STAA8	27.692	25	65	1.9	25.8
ses	tr|Q2FZB1|Q2FZB1_STAA8	26.923	30	78	2.1	25.4
ses	tr|Q2G1L3|Q2G1L3_STAA8	32.000	10	25	2.4	25.0
ses	sp|Q2G1S6|SSL5_STAA8	24.876	73	201	2.8	25.0
ses	tr|Q2FZD4|Q2FZD4_STAA8	30.337	31	89	2.9	25.4
ses	sp|Q2G1S8|SSL4_STAA8	33.333	27	78	3.0	25.0
ses	sp|Q2G2X7|SSL10_STAA8	29.630	21	54	3.4	25.0
ses	tr|Q2G0X8|Q2G0X8_STAA8	34.211	14	38	4.8	24.3
ses	sp|Q2G0X4|SSL11_STAA8	35.714	11	28	5.4	24.3
ses	sp|Q2FW70|SFNAD_STAA8	26.389	26	72	6.1	24.3
ses	tr|Q2G242|Q2G242_STAA8	22.989	28	87	6.2	24.3
ses	sp|Q2G1X0|HLA_STAA8	29.545	17	44	7.5	23.9
ses	tr|Q2G1C9|Q2G1C9_STAA8	56.250	6	16	7.7	24.3
ses	sp|Q2FYT3|SBCC_STAA8	44.828	10	29	9.9	23.9
set	tr|Q2FZB1|Q2FZB1_STAA8	37.363	41	91	2.83e-07	45.8
set	tr|Q2FZB3|Q2FZB3_STAA8	33.333	42	105	1.09e-05	41.2
set	sp|Q2G0X9|SSL1_STAA8	33.333	31	69	2.87e-05	40.0
set	tr|Q2FZB2|Q2FZB2_STAA8	32.927	37	82	1.03e-04	38.5
set	sp|Q2G1S8|SSL4_STAA8	31.373	24	51	3.29e-04	37.0
set	tr|Q2G2X8|Q2G2X8_STAA8	42.222	20	45	5.58e-04	36.2
set	sp|Q2G2Y0|SSL7_STAA8	43.478	20	46	0.002	34.7
set	sp|Q2G2X7|SSL10_STAA8	34.783	21	46	0.005	33.1
set	tr|Q2G1S5|Q2G1S5_STAA8	26.437	38	87	0.006	32.7
set	tr|Q2G2X9|Q2G2X9_STAA8	40.000	20	45	0.007	32.7
set	sp|Q2G0X7|SSL3_STAA8	29.167	22	48	0.010	32.3
set	sp|Q2G0X4|SSL11_STAA8	37.838	17	37	0.014	32.0
set	sp|Q2G0N5|RPOC_STAA8	30.508	24	59	0.020	32.0
set	tr|Q2G0X8|Q2G0X8_STAA8	31.579	18	38	0.051	30.0
set	sp|Q2FXV9|SYA_STAA8	25.217	53	115	0.11	29.6
set	sp|Q2G1S6|SSL5_STAA8	28.889	20	45	0.31	27.7
set	sp|Q2G1Q2|PLC_STAA8	35.714	19	42	0.55	27.3
set	tr|Q2FZ40|Q2FZ40_STAA8	26.923	47	104	3.8	24.6
set	tr|Q2FXY0|Q2FXY0_STAA8	22.901	48	131	4.9	24.3
set	tr|Q2FVZ5|Q2FVZ5_STAA8	31.818	20	44	4.9	24.3
set	tr|Q2G105|Q2G105_STAA8	38.095	19	42	7.0	23.5
set	sp|Q53705|LYTS_STAA8	38.235	16	34	9.3	23.5
selu	tr|Q2FXX5|Q2FXX5_STAA8	32.039	79	206	3.17e-21	85.9
selu	sp|Q2G1S8|SSL4_STAA8	27.143	25	70	0.009	33.1
selu	tr|Q2FZB2|Q2FZB2_STAA8	25.185	50	135	0.020	32.0
selu	sp|Q2G2Y0|SSL7_STAA8	31.250	30	80	0.025	31.6
selu	tr|Q2FZB1|Q2FZB1_STAA8	25.735	50	136	0.061	30.4
selu	sp|Q2G2X7|SSL10_STAA8	32.927	31	82	0.61	27.3
selu	sp|Q2G0X4|SSL11_STAA8	30.000	30	80	0.76	26.9
selu	sp|Q2G0X7|SSL3_STAA8	22.917	35	96	0.79	26.9
selu	tr|Q2FZB3|Q2FZB3_STAA8	36.170	18	47	1.9	25.8
selu	sp|Q2FYN6|Y1399_STAA8	42.857	9	28	1.9	25.8
selu	sp|Q2G1S6|SSL5_STAA8	31.915	18	47	2.7	25.0
selu	tr|Q2G2X9|Q2G2X9_STAA8	40.909	8	22	3.0	25.0
selu	sp|Q2G0X9|SSL1_STAA8	26.531	19	49	3.4	25.0
selu	tr|Q2FXX7|Q2FXX7_STAA8	34.375	12	32	4.9	22.7
selu	tr|Q2G0X8|Q2G0X8_STAA8	33.333	11	30	6.3	24.3
selu	tr|Q2G097|Q2G097_STAA8	38.710	12	31	7.0	23.9
selu	tr|Q2FZL6|Q2FZL6_STAA8	26.154	24	65	7.5	23.9
selu	tr|Q2G1H0|Q2G1H0_STAA8	28.000	28	75	8.3	23.9
selu	tr|Q2G0W4|Q2G0W4_STAA8	31.818	8	22	9.3	23.9
selu	tr|Q2FW51|Q2FW51_STAA8	45.455	8	22	9.6	23.1
selv	tr|Q2FXX5|Q2FXX5_STAA8	34.302	69	172	5.79e-21	84.7
selv	tr|Q2G0X8|Q2G0X8_STAA8	33.333	41	102	1.47e-04	38.1
selv	tr|Q2G1S5|Q2G1S5_STAA8	42.105	16	38	0.013	32.3
selv	tr|Q2FZB2|Q2FZB2_STAA8	23.529	41	102	0.020	31.6
selv	sp|Q2G2Y0|SSL7_STAA8	35.938	25	64	0.022	31.6
selv	sp|Q2G1S8|SSL4_STAA8	45.455	14	33	0.074	30.0
selv	sp|Q2G0X7|SSL3_STAA8	31.373	40	102	0.084	30.0
selv	tr|Q2G0F0|Q2G0F0_STAA8	48.000	10	25	0.15	28.9
selv	tr|Q2FVL8|Q2FVL8_STAA8	32.941	34	85	0.44	27.7
selv	sp|Q2G2X7|SSL10_STAA8	45.833	10	24	0.63	26.9
selv	sp|Q2G0X4|SSL11_STAA8	40.000	10	25	0.63	26.9
selv	tr|Q2G2X8|Q2G2X8_STAA8	36.364	13	33	1.5	25.8
selv	sp|Q2G0X9|SSL1_STAA8	20.261	62	153	1.9	25.4
selv	sp|Q2G1S6|SSL5_STAA8	21.951	45	123	2.2	25.4
selv	sp|Q2G185|ESSB_STAA8	58.333	5	12	7.4	23.9
selv	tr|Q2G2X9|Q2G2X9_STAA8	34.375	13	32	8.1	23.5
selv	sp|P14738|FNBA_STAA8	28.125	24	64	9.1	23.9
selv	tr|Q2FVX8|Q2FVX8_STAA8	30.000	13	30	9.3	23.1
selv	tr|Q2FWW1|Q2FWW1_STAA8	25.806	38	93	9.5	23.5
selw	tr|Q2FXX5|Q2FXX5_STAA8	31.068	78	206	1.32e-19	81.3
selw	tr|Q2FZB2|Q2FZB2_STAA8	25.926	51	135	1.14e-04	38.5
selw	sp|Q2G2Y0|SSL7_STAA8	32.500	30	80	0.003	34.3
selw	tr|Q2FZB1|Q2FZB1_STAA8	27.941	51	136	0.004	33.9
selw	sp|Q2G1S8|SSL4_STAA8	25.714	26	70	0.032	31.2
selw	tr|Q2FZB3|Q2FZB3_STAA8	39.216	20	51	0.22	28.5
selw	sp|Q2G2X7|SSL10_STAA8	34.118	33	85	0.25	28.5
selw	sp|Q2G0X4|SSL11_STAA8	32.432	28	74	0.41	27.7
selw	tr|Q2G1S5|Q2G1S5_STAA8	28.333	22	60	0.53	27.3
selw	tr|Q2G2X9|Q2G2X9_STAA8	28.750	30	80	0.56	27.3
selw	sp|Q2G0X7|SSL3_STAA8	28.333	22	60	0.66	27.3
selw	sp|Q2G0X9|SSL1_STAA8	29.412	20	51	0.87	26.6
selw	sp|Q2G1S6|SSL5_STAA8	40.000	10	25	1.4	26.2
selw	tr|Q2G0X8|Q2G0X8_STAA8	36.667	12	30	1.5	26.2
selw	sp|Q2FYN6|Y1399_STAA8	42.857	9	28	4.1	24.6
selw	sp|P0A0G6|RXL7_STAA8	26.389	28	72	4.3	23.5
selw	tr|Q2FW51|Q2FW51_STAA8	44.828	11	29	5.0	23.9
selw	tr|Q2FUW7|Q2FUW7_STAA8	42.308	10	26	5.0	24.6
selw	tr|Q2G1H0|Q2G1H0_STAA8	29.577	27	71	5.4	24.6
selw	tr|Q2FXX7|Q2FXX7_STAA8	37.500	12	32	6.4	22.3
selw	tr|Q2G2X8|Q2G2X8_STAA8	31.034	11	29	7.8	23.9
sely	sp|Q2G1S8|SSL4_STAA8	39.744	35	78	1.84e-12	61.6
sely	sp|Q2G0X7|SSL3_STAA8	39.189	33	74	5.07e-11	57.4
sely	tr|Q2G2X8|Q2G2X8_STAA8	41.791	30	67	8.68e-09	50.4
sely	sp|Q2G2Y0|SSL7_STAA8	36.559	40	93	3.09e-07	45.8
sely	sp|Q2G0X9|SSL1_STAA8	25.652	99	230	3.15e-07	45.8
sely	tr|Q2G2X9|Q2G2X9_STAA8	39.655	26	58	3.97e-07	45.4
sely	tr|Q2G1S5|Q2G1S5_STAA8	38.776	21	49	1.35e-05	40.8
sely	sp|Q2G2X7|SSL10_STAA8	38.776	22	49	1.23e-04	38.1
sely	tr|Q2G0X8|Q2G0X8_STAA8	28.169	32	71	1.72e-04	37.7
sely	tr|Q2FZB3|Q2FZB3_STAA8	26.667	79	195	2.77e-04	37.0
sely	sp|Q2G0X4|SSL11_STAA8	36.735	22	49	5.33e-04	36.2
sely	tr|Q2FZB1|Q2FZB1_STAA8	29.762	37	84	6.11e-04	36.2
sely	tr|Q2FZB2|Q2FZB2_STAA8	39.216	23	51	0.002	34.3
sely	tr|Q2FXX5|Q2FXX5_STAA8	35.556	20	45	0.006	33.1
sely	sp|Q2G1S6|SSL5_STAA8	32.836	29	67	0.008	32.7
sely	tr|Q2G135|Q2G135_STAA8	44.000	11	25	1.0	26.2
sely	sp|Q2G1Q1|Y052_STAA8	25.000	49	112	3.3	24.6
sely	tr|Q2FWI2|Q2FWI2_STAA8	35.897	17	39	4.2	24.3
sely	tr|Q2FX42|Q2FX42_STAA8	26.923	21	52	5.5	23.1
sely	tr|Q2FVI7|Q2FVI7_STAA8	40.000	21	50	5.7	24.3
sely	tr|Q2FWI3|Q2FWI3_STAA8	34.146	18	41	6.9	23.9
sely	tr|Q2FWJ0|Q2FWJ0_STAA8	25.000	27	68	8.0	22.7
sely	sp|Q2FUW5|ASP3_STAA8	22.642	48	106	9.6	23.5
