VFG031464(gb|WP_011893513)	48.855	131	2.73e-38	126	ERTFSIIKPNAVAKNVIGNIFARFEAAGFKIVGTKMLHLTVEQARGFYAEHDGKPFFDGLVEFMTSGPIVVSVLEGENAVQRHRDLLGATNPA-NALAGTLRADYADSLTENGTHGSDSVESAAREIAYFF	ERTLVLIKPDGVQRRLIGEIISRIEAKGLAIVALELKNVGDDTARAHYAEHEGKPFFASLLEFITSGPVVAAVLEGPRAIAAFRQLAGGTDPVEKAIPGTIRGDLGLETQFNLVHGSDSPDSAAREIALWF
VFG031462(gb|WP_011724307)	45.802	131	1.01e-37	125	ERTFSIIKPNAVAKNVIGNIFARFEAAGFKIVGTKMLHLTVEQARGFYAEHDGKPFFDGLVEFMTSGPIVVSVLEGENAVQRHRDLLGATNPA-NALAGTLRADYADSLTENGTHGSDSVESAAREIAYFF	ERTLVLIKPDGVQRQLVGEIIGRIERKGLTLVALELRHVSQDLAAQHYAEHEGKPFFASLLEFITSGPVVAAIVEGPRAIAAFRQLAGGTDPVEKAIPGTIRGDFGLETQFNLVHGSDSVESAKREIALWF
VFG031457(gb|NP_216961)	46.565	131	2.79e-37	124	ERTFSIIKPNAVAKNVIGNIFARFEAAGFKIVGTKMLHLTVEQARGFYAEHDGKPFFDGLVEFMTSGPIVVSVLEGENAVQRHRDLLGATNPANALA-GTLRADYADSLTENGTHGSDSVESAAREIAYFF	ERTLVLIKPDGIERQLIGEIISRIERKGLTIAALQLRTVSAELASQHYAEHEGKPFFGSLLEFITSGPVVAAIVEGTRAIAAVRQLAGGTDPVQAAAPGTIRGDFALETQFNLVHGSDSAESAQREIALWF
VFG031461(gb|WP_003875860)	45.038	131	5.08e-37	123	ERTFSIIKPNAVAKNVIGNIFARFEAAGFKIVGTKMLHLTVEQARGFYAEHDGKPFFDGLVEFMTSGPIVVSVLEGENAVQRHRDLLGATNPA-NALAGTLRADYADSLTENGTHGSDSVESAAREIAYFF	ERTLVLIKPDGVQRQLVGEIIGRIERKGLTLVALELRHVSQDLAAQHYAEHEGKPFFASLLEFITSGPVVAAIVEGPRAIAAFRQLAGGTDPVEKAIPGTIRGDFGLETQFNLVHGSDSVESAKREIGLWF
VFG031486(gb|WP_009955946)	43.511	131	1.92e-36	122	ERTFSIIKPNAVAKNVIGNIFARFEAAGFKIVGTKMLHLTVEQARGFYAEHDGKPFFDGLVEFMTSGPIVVSVLEGENAVQRHRDLLGATNPA-NALAGTLRADYADSLTENGTHGSDSVESAAREIAYFF	ERTLVLIKPDGVQRQLVGEIIGRIERKGLTLAALKLRHVSQDLAAQHYAEHEGKPFFESLLAFITSGPVVAAIVEGPRAIAAFRQLAGGTDPVEKAIPGTIRGDFGLETQFNLVHGSDSIESAKREIGLWF
VFG031491(gb|WP_015293694)	45.038	131	3.86e-36	121	ERTFSIIKPNAVAKNVIGNIFARFEAAGFKIVGTKMLHLTVEQARGFYAEHDGKPFFDGLVEFMTSGPIVVSVLEGENAVQRHRDLLGATNPANALA-GTLRADYADSLTENGTHGSDSVESAAREIAYFF	ERTLVLIKPDGIERQLIGEIISRIERKGLTIAALQLRTVSAELASQHYAEHEGKPFFGSLLEFITSGPVVAAIVEGTRAIAAVRQLTGGTDPVQTAAPGTIRGDFGLETQFNLVHGSDSAESAQREIALWF
VFG031465(gb|WP_011729972)	45.038	131	4.65e-36	120	ERTFSIIKPNAVAKNVIGNIFARFEAAGFKIVGTKMLHLTVEQARGFYAEHDGKPFFDGLVEFMTSGPIVVSVLEGENAVQRHRDLLGATNPA-NALAGTLRADYADSLTENGTHGSDSVESAAREIAYFF	ERTLVLIKPDGVKRQLVGEILSRIERKGLTLAALELKNVSDDLARQHYAEHADKPFFGSLLEFITSGPLVAAIVEGPRAVAAFRQIAGGTDPVEKAVPGTIRGDFALITQDNLVHGSDSPESAAREIALWF
VFG031466(gb|WP_041309748)	45.802	131	4.80e-36	120	ERTFSIIKPNAVAKNVIGNIFARFEAAGFKIVGTKMLHLTVEQARGFYAEHDGKPFFDGLVEFMTSGPIVVSVLEGENAVQRHRDLLGATNPA-NALAGTLRADYADSLTENGTHGSDSVESAAREIAYFF	ERTLVLIKPDGVQRRLVGEILGRIERKGLTLAALELKTVDDELARRHYAEHEGKPFFGSLLEFITSGPVVAAIVEGPRAIAAFRQIAGGTDPVEKATPGTIRADLALVTQDNLVHGSDSPESAAREIDLWF
VFG031478(gb|WP_012395377)	45.038	131	1.66e-35	119	ERTFSIIKPNAVAKNVIGNIFARFEAAGFKIVGTKMLHLTVEQARGFYAEHDGKPFFDGLVEFMTSGPIVVSVLEGENAVQRHRDLLGATNPA-NALAGTLRADYADSLTENGTHGSDSVESAAREIAYFF	ERTLVLIKPDGVQRQLVGEIISRIERKGLAIAALELRNVTEELASQHYAEHEGKPFFGSLLEFITSAPVVAAIVEGPRAIAAFRQLAGGTDPVEKATPGTIRGDFGLETQFNLVHGSDSAESAQREIALWF
VFG031471(gb|WP_011781105)	45.802	131	1.96e-35	119	ERTFSIIKPNAVAKNVIGNIFARFEAAGFKIVGTKMLHLTVEQARGFYAEHDGKPFFDGLVEFMTSGPIVVSVLEGENAVQRHRDLLGATNPA-NALAGTLRADYADSLTENGTHGSDSVESAAREIAYFF	ERTLVLIKPDGVQRRLIGEIISRIEAKGLTVAALELKNVDDALARAHYAEHEGKPFFASLLEFITSGPVVAAILEGPRAIAAFRQLAGGTDPVEKATPGTIRGDLGLETQFNLVHGSDSPDSAAREIELWF
VFG031482(gb|WP_014382181)	42.748	131	3.06e-35	119	ERTFSIIKPNAVAKNVIGNIFARFEAAGFKIVGTKMLHLTVEQARGFYAEHDGKPFFDGLVEFMTSGPIVVSVLEGENAVQRHRDLLGATNPA-NALAGTLRADYADSLTENGTHGSDSVESAAREIAYFF	ERTLVLIKPDGVQRQLVGEIIGRIERKGLTLAALILRHVSQDLAAQHYAEHEGKPFFESLLAFITSGPVVAAIVEGPRAIAAFRQLAGGTDPVEKAIPGTIRGDFGLETQFNLVHGSDSIESAKREIGLWF
VFG031510(gb|WP_041312469)	45.038	131	3.17e-35	119	ERTFSIIKPNAVAKNVIGNIFARFEAAGFKIVGTKMLHLTVEQARGFYAEHDGKPFFDGLVEFMTSGPIVVSVLEGENAVQRHRDLLGATNPA-NALAGTLRADYADSLTENGTHGSDSVESAAREIAYFF	ERTLVLIKPDGVQRRLIGEILGRIEGKGLSVAALELKNVSDDLARRHYAEHEDKPFFGSLLEFITSGPVVAAIVEGPRAVAAFRQIAGGTDPVEKAAPGTIRGDLALITQDNLVHGSDSPESAAREIELWF
VFG031508(gb|WP_008255201)	42.748	131	3.38e-35	118	ERTFSIIKPNAVAKNVIGNIFARFEAAGFKIVGTKMLHLTVEQARGFYAEHDGKPFFDGLVEFMTSGPIVVSVLEGENAVQRHRDLLGATNPA-NALAGTLRADYADSLTENGTHGSDSVESAAREIAYFF	ERTLVLIKPDGVQRQLVGEIIGRIERKGLTLAALELRHVGQDLAAQHYAEHEGKPFFESLLAFITSGPVVAAIVEGPRAIAAFRQLAGGTDPVEKAIPGTIRGDFGLETQFNLVHGSDSIESAKREIGLWF
VFG031470(gb|WP_011741443)	45.038	131	6.50e-35	118	ERTFSIIKPNAVAKNVIGNIFARFEAAGFKIVGTKMLHLTVEQARGFYAEHDGKPFFDGLVEFMTSGPIVVSVLEGENAVQRHRDLLGATNPA-NALAGTLRADYADSLTENGTHGSDSVESAAREIAYFF	ERTLVLIKPDGVQRLLVGEIISRIERKGLAIAALELRNVTEELASQHYAEHEGKPFFGSLLEFITSAPVVAAIVEGPRAIAAFRQLAGGTDPVEKATPGTIRGDFGLETQFNLVHGSDSAESAQREIALWF
VFG031473(gb|YP_001702345)	45.038	131	8.08e-35	117	ERTFSIIKPNAVAKNVIGNIFARFEAAGFKIVGTKMLHLTVEQARGFYAEHDGKPFFDGLVEFMTSGPIVVSVLEGENAVQRHRDLLGATNPA-NALAGTLRADYADSLTENGTHGSDSVESAAREIAYFF	ERTLVLIKPDGVRRGLVGEVLNRIERKGLTLAALELKNVDDATARAHYAEHAEKPFFGSLLEFITSGPLVAAVLEGPRAIAAFRQIAGGTDPVEKAATGSIRGDFALETQENLVHGSDSPESAAREIALWF
VFG031459(gb|WP_010908355)	45.802	131	2.38e-34	116	ERTFSIIKPNAVAKNVIGNIFARFEAAGFKIVGTKMLHLTVEQARGFYAEHDGKPFFDGLVEFMTSGPIVVSVLEGENAVQRHRDLLGATNPA-NALAGTLRADYADSLTENGTHGSDSVESAAREIAYFF	ERTLVLIKPDAVERQLIGEIISRIERKGLTIAALELRQVGEELASQHYAEHESKPFFGSLLEFITSGPVMAAIVEGPRAVAAVRQLTGGTDPVEKAAPGTIRGDLALETQFNLVHGSDSTASAQREIALWF
VFG031479(gb|WP_041319710)	43.511	131	5.44e-33	113	ERTFSIIKPNAVAKNVIGNIFARFEAAGFKIVGTKMLHLTVEQARGFYAEHDGKPFFDGLVEFMTSGPIVVSVLEGENAVQRHRDLLGATNP-ANALAGTLRADYADSLTENGTHGSDSVESAAREIAYFF	ERTLVLIKPDGVNRRLVGEIISRIEKKGLTLAALELRPVQQAVARQHYGEHEGKAFFASLLDFITSGPVVAAVVEGPRAIEAFRQLAGGTDPVAKATPGTIRGDFGLETQFNLVHGSDSPESAEREIALWF
